"text","favorited","favoriteCount","replyToSN","created","truncated","replyToSID","id","replyToUID","statusSource","screenName","retweetCount","isRetweet","retweeted","longitude","latitude"
"RT @BMOC98: #obama #foley #isis http://t.co/MRkXdm3Vqe",FALSE,0,NA,2014-10-11 16:13:10,FALSE,NA,"520970373286727680",NA,"<a href=""https://mobile.twitter.com"" rel=""nofollow"">Mobile Web (M5)</a>","chris63414391",15,TRUE,FALSE,NA,NA
"RT @GenBoykin: If you want to see today's #5PointPlan on #ISIS all in one place, you can see it collected on my Facebook page: http://t.co/…",FALSE,0,NA,2014-10-11 16:13:10,FALSE,NA,"520970373114781696",NA,"<a href=""http://twitter.com/download/iphone"" rel=""nofollow"">Twitter for iPhone</a>","Otneib",45,TRUE,FALSE,NA,NA
"RT @SaeedGhassemine: If #ISIS can last for 4-5 years then many experts &amp; diplomats  will say  the only solution is to engage in diplomacy w…",FALSE,0,NA,2014-10-11 16:13:09,FALSE,NA,"520970368367206402",NA,"<a href=""http://twitter.com/download/android"" rel=""nofollow"">Twitter for Android</a>","shamimb1y",23,TRUE,FALSE,NA,NA
"@BintWater
-
!KILL #ISIS! @ibn_shaam @ibn0mar
#Kobani
#ISIL #KillIS #KillIslamicState
#IslamicState
-
http://t.co/4TQ18EQcqt",FALSE,0,"BintWater",2014-10-11 16:13:09,FALSE,NA,"520970366659747840","2801362930","<a href=""https://dev.twitter.com/docs/tfw"" rel=""nofollow"">Twitter for Websites</a>","AttUkraine",0,FALSE,FALSE,NA,NA
"RT @salar_dd: مباشر #كوباني
#YPG تقول متعو انظار انصارنا بجثث خنازير #داعش في شوارع #Kobane
Kurds kill 30 #ISIS today in #Kobanî http://t.c…",FALSE,0,NA,2014-10-11 16:13:07,FALSE,NA,"520970361366908928",NA,"<a href=""http://twitter.com/download/android"" rel=""nofollow"">Twitter for Android</a>","1Kiss2and3tell",10,TRUE,FALSE,NA,NA
"RT @turdeau: Real leadership is making a decision for political gain instead of the obvious one good vs evil. #isis #cdnpoli",FALSE,0,NA,2014-10-11 16:13:07,FALSE,NA,"520970360426995712",NA,"<a href=""http://twitter.com/#!/download/ipad"" rel=""nofollow"">Twitter for iPad</a>","Wetaskijen",18,TRUE,FALSE,NA,NA
"Are they are friends/allies? If so, then yes! @UmaPemmaraju @ANHQDC #ISIS",FALSE,0,NA,2014-10-11 16:13:07,FALSE,NA,"520970360272220160",NA,"<a href=""http://twitter.com/download/iphone"" rel=""nofollow"">Twitter for iPhone</a>","ThomasYongo",0,FALSE,FALSE,NA,NA
"Not really appropriate though this is it @marksable #isis #jihadi http://t.co/pO2oUNP5BA",FALSE,0,NA,2014-10-11 16:13:04,FALSE,NA,"520970348033224704",NA,"<a href=""http://twitter.com/download/iphone"" rel=""nofollow"">Twitter for iPhone</a>","KateGroxx",0,FALSE,FALSE,NA,NA
"RT @grammy620: Your candidate should represent YOU, not Obama #LAsen #KYsen #IAsen #NCsen #COsen #WaronCoal #ISIS #SDsen #MNsen #Charlotte …",FALSE,0,NA,2014-10-11 16:13:03,FALSE,NA,"520970341632708608",NA,"<a href=""http://twitter.com"" rel=""nofollow"">Twitter Web Client</a>","dlb5503",4,TRUE,FALSE,NA,NA
"RT @turdeau: Like all great French leaders before me, my only military plan is to surrender. #cdnpoli #ISIS",FALSE,0,NA,2014-10-11 16:13:02,FALSE,NA,"520970339489435649",NA,"<a href=""http://twitter.com"" rel=""nofollow"">Twitter Web Client</a>","Justluvly101",26,TRUE,FALSE,NA,NA
"Los patrones de los periodistas de los videos del #ISIS vendieron al mundo a los románticos ""rebeldes sirios"" por 3 años. Sangre negociada.",FALSE,0,NA,2014-10-11 16:13:01,FALSE,NA,"520970335920070656",NA,"<a href=""http://twitter.com"" rel=""nofollow"">Twitter Web Client</a>","CheGenetic",0,FALSE,FALSE,NA,NA
"RT @RikDelhaas: #Kurds with their small arms in #Kobane show #ISIS can be stopped, if only big powers step in would be easy.",FALSE,0,NA,2014-10-11 16:12:59,FALSE,NA,"520970326906503169",NA,"<a href=""http://twitter.com"" rel=""nofollow"">Twitter Web Client</a>","groggydice",1,TRUE,FALSE,NA,NA
"RT @Protocanibal: #ISIS hace el trabajo sucio de las democracias liberales asesinando el movimiento popular del #Kurdistan, la libertad res…",FALSE,0,NA,2014-10-11 16:12:59,FALSE,NA,"520970326436761600",NA,"<a href=""http://twitter.com/download/iphone"" rel=""nofollow"">Twitter for iPhone</a>","dervisdemirtas",1,TRUE,FALSE,NA,NA
"RT @Missy10013Kathy: “@BloombergNews As Teen I am fighting #isis in #Kobane,my msg They got tank we got nothing please send us Anti tank ht…",FALSE,0,NA,2014-10-11 16:12:59,FALSE,NA,"520970324834136065",NA,"<a href=""http://twitter.com"" rel=""nofollow"">Twitter Web Client</a>","KathyGoodGirl",53,TRUE,FALSE,NA,NA
"“@WNEW: Twitter CEO: #ISIS militants have threatened him, employees in response to shutting down group’s accounts. http://t.co/UBhwABoZ1z”",FALSE,0,"WNEW",2014-10-11 16:12:58,FALSE,"520969912508895233","520970320388562945","415851069","<a href=""http://twitter.com/download/iphone"" rel=""nofollow"">Twitter for iPhone</a>","WLKYAnnalysa",0,FALSE,FALSE,NA,NA
"RT @SassafrasStarr: Austrian teens who joined #ISIS are now pregnant and want to come home. Welcome to #fucktardia http://t.co/PZ7JTBTXmx h…",FALSE,0,NA,2014-10-11 16:12:57,FALSE,NA,"520970315334443008",NA,"<a href=""http://twitter.com/#!/download/ipad"" rel=""nofollow"">Twitter for iPad</a>","irshroz",24,TRUE,FALSE,NA,NA
"RT @i_magpie: UN envoy wants #Turkey to allow racist #PKK terrorists to go to #Syria to fight #ISIS terrorists. Say no more!",FALSE,0,NA,2014-10-11 16:12:55,FALSE,NA,"520970306832183297",NA,"<a href=""http://twitter.com/download/android"" rel=""nofollow"">Twitter for Android</a>","dgbhutta",8,TRUE,FALSE,NA,NA
"RT @Baka_62: Isis in Kobani: Militants encircle Kurdish fighters as hundreds of civilians remain trapped
http://t.co/gHHRIO1lMf
#ISIS #Koba…",FALSE,0,NA,2014-10-11 16:12:52,FALSE,NA,"520970296824967168",NA,"<a href=""http://twitter.com/download/iphone"" rel=""nofollow"">Twitter for iPhone</a>","dervisdemirtas",1,TRUE,FALSE,NA,NA
"RT @FSATruth: Syria doesn’t matter to the United States: https://t.co/rb7IYPwy0F @michaeldweiss #Syria #ISIS #Kobani #IS",FALSE,0,NA,2014-10-11 16:12:52,FALSE,NA,"520970296090976256",NA,"<a href=""http://twitter.com"" rel=""nofollow"">Twitter Web Client</a>","ManchurianDevil",3,TRUE,FALSE,NA,NA
"@BintWater
-
!KILL #ISIS! @ibn_shaam @ibn0mar
#Kobani
#ISIL #KillIS #KillIslamicState
#IslamicState
-
http://t.co/l4WPAR4meT",FALSE,0,"BintWater",2014-10-11 16:12:52,FALSE,NA,"520970294735810561","2801362930","<a href=""https://dev.twitter.com/docs/tfw"" rel=""nofollow"">Twitter for Websites</a>","stefitapizarova",0,FALSE,FALSE,NA,NA
"RT @michaeldickson: Watch: #ISIS and #Hamas: two groups with the same goal https://t.co/49NPnUdilc",FALSE,0,NA,2014-10-11 16:12:52,FALSE,NA,"520970294266429440",NA,"<a href=""http://twitter.com/download/android"" rel=""nofollow"">Twitter for Android</a>","Shearere13",57,TRUE,FALSE,NA,NA
"RT @JeffreyGuterman: Pregnant Austrian teens in #ISIS now say they want to return home http://t.co/zCxpmblaKN Photos: Europics http://t.co/…",FALSE,0,NA,2014-10-11 16:12:51,FALSE,NA,"520970293494689793",NA,"<a href=""http://twitter.com/download/android"" rel=""nofollow"">Twitter for Android</a>","drmsharif14",23,TRUE,FALSE,NA,NA
"RT @WilliamsJon: Most of Euphrates valley is now within #ISIS control. If Ramadi falls, will run from Qaim to Abu Ghraib. #Iraq #Syria http…",FALSE,0,NA,2014-10-11 16:12:50,FALSE,NA,"520970289312960512",NA,"<a href=""http://www.twitter.com"" rel=""nofollow"">Twitter for Windows Phone</a>","99vance",33,TRUE,FALSE,NA,NA
"RT @luigidegennar: Istanbul a fianco di #Kobane (sperando che polizia e militari non...)

@OccupyRMN Anti-#ISIS rally Taksim @RoniVicdan ht…",FALSE,0,NA,2014-10-11 16:12:50,FALSE,NA,"520970288184709120",NA,"<a href=""http://twitter.com/download/android"" rel=""nofollow"">Twitter for Android</a>","madero034",3,TRUE,FALSE,NA,NA
"RT @WNEW: Twitter CEO: #ISIS militants have threatened him, employees in response to shutting down group’s accounts. http://t.co/HOQvCFBbCd",FALSE,0,NA,2014-10-11 16:12:49,FALSE,NA,"520970284984045568",NA,"<a href=""http://twitter.com/download/iphone"" rel=""nofollow"">Twitter for iPhone</a>","Maine_Char",2,TRUE,FALSE,NA,NA
"RT @reband_kurd: ""Today was the strongest, hardest offensive by #ISIS. They shelled the city heavily. #YPG/J resisted bravely."" Blese Omer …",FALSE,0,NA,2014-10-11 16:12:49,FALSE,NA,"520970281943592960",NA,"<a href=""http://twitter.com"" rel=""nofollow"">Twitter Web Client</a>","RushetteNY",26,TRUE,FALSE,NA,NA
"المكتب الإعلامي لـ #ولاية_نينوى يقدم

#دماء_الجهاد

#الدولة_الإسلامية #نفير_أحلام_النصر 
#داعش #ISIS""
https://t.co/yiwIuCoiVu",FALSE,0,NA,2014-10-11 16:12:48,FALSE,NA,"520970281720901632",NA,"<a href=""http://twitter.com/download/android"" rel=""nofollow"">Twitter for Android</a>","cklklgdf44",0,FALSE,FALSE,NA,NA
"RT @grammy620: Stop the #WaronCoal! Stop the healthcare cancellations. Secure our Borders and keep us safe! #Ebola #ISIS #KYsen  #AZ02 #LAs…",FALSE,0,NA,2014-10-11 16:12:48,FALSE,NA,"520970280198733826",NA,"<a href=""http://twitter.com"" rel=""nofollow"">Twitter Web Client</a>","dlb5503",1,TRUE,FALSE,NA,NA
"RT @orione20: @olivati @luigidegennar anche mille!. Combattenti #YPG #curdi resistono . Non fare gioco #Isis che vuole da giorni notizia ca…",FALSE,0,NA,2014-10-11 16:12:48,FALSE,NA,"520970278764285953",NA,"<a href=""http://twitter.com/download/android"" rel=""nofollow"">Twitter for Android</a>","CarloMarulli",2,TRUE,FALSE,NA,NA
"Watching CNN on #Anbar and #ISIS. Why do I keep hearing 'You broke it, you bought it' in my head? #Pottery Barn Rule #Iraq #FUBAR",FALSE,0,NA,2014-10-11 16:12:47,FALSE,NA,"520970274716790785",NA,"<a href=""https://mobile.twitter.com"" rel=""nofollow"">Mobile Web (M5)</a>","richleiby",0,FALSE,FALSE,NA,NA
"The pride of #Turkey after massacre of Kobane: being a neighbour of #ISIS #ISIL
#UN #HR #Syria #Iran",FALSE,1,NA,2014-10-11 16:12:47,FALSE,NA,"520970274305736706",NA,"<a href=""http://twitter.com"" rel=""nofollow"">Twitter Web Client</a>","Sedaye1357",0,FALSE,FALSE,NA,NA
"RT @gailtalk: Did I hear @TheJuanWilliams defend Harvard students who said America worse than #ISIS, cuz Harvard students are critical thin…",FALSE,0,NA,2014-10-11 16:12:44,FALSE,NA,"520970263459299328",NA,"<a href=""http://twitter.com/download/iphone"" rel=""nofollow"">Twitter for iPhone</a>","efilnikcufecin7",5,TRUE,FALSE,NA,NA
"RT @EuIraq: Anti-#ISIS militias out of government control in #Baghdad: experts #Iraq #Iran http://t.co/RD7Tb3xLX7",FALSE,0,NA,2014-10-11 16:12:44,FALSE,NA,"520970261341163521",NA,"<a href=""https://mobile.twitter.com"" rel=""nofollow"">Mobile Web (M2)</a>","IAC_CT",35,TRUE,FALSE,NA,NA
"RT @curdistani: Tens of thousands of Kurds protesting #ISIS &amp; #Turkey in Germany http://t.co/iw6SC0ZCIW #Twitterkurds #Rojava #kobane #koba…",FALSE,0,NA,2014-10-11 16:12:43,FALSE,NA,"520970258992345088",NA,"<a href=""http://twitter.com/download/iphone"" rel=""nofollow"">Twitter for iPhone</a>","jeannesmith1",34,TRUE,FALSE,NA,NA
"RT @grammy620: We worry about #Ebola, #Enterovirus, #ISIS Obama fundraises. Vote out the Obama clones! #LAsen #KYen #IAsen #COsen #Denver #…",FALSE,0,NA,2014-10-11 16:12:42,FALSE,NA,"520970254835785728",NA,"<a href=""http://twitter.com"" rel=""nofollow"">Twitter Web Client</a>","dlb5503",2,TRUE,FALSE,NA,NA
"RT @NCBlondes: Call #ThomTillis Does he have anything intelligent to say about #ISIS yet?  #NCSen  #ncpol http://t.co/weQ3ssUbWB",FALSE,0,NA,2014-10-11 16:12:39,FALSE,NA,"520970241837654016",NA,"<a href=""http://twitter.com"" rel=""nofollow"">Twitter Web Client</a>","kturner07",4,TRUE,FALSE,NA,NA
"""@BMOC98: #Obama #isis #isil http://t.co/FTA5dynZH3""",FALSE,0,NA,2014-10-11 16:12:38,FALSE,NA,"520970237303214080",NA,"<a href=""https://mobile.twitter.com"" rel=""nofollow"">Mobile Web (M5)</a>","chris63414391",0,FALSE,FALSE,NA,NA
"RT @Shiyoki87: innocent #child - victim of the tyranny #ISIS May god protect you all #TwitterKurds fuckings turks #isis http://t.co/mFiLRTJ…",FALSE,0,NA,2014-10-11 16:12:38,FALSE,NA,"520970236275986433",NA,"<a href=""http://twitter.com"" rel=""nofollow"">Twitter Web Client</a>","HolzMAS",4,TRUE,FALSE,NA,NA
"RT @maria_engstrom: #Turkey #ISIS #Daesh http://t.co/xT1ShULifX",FALSE,0,NA,2014-10-11 16:12:37,FALSE,NA,"520970234837360640",NA,"<a href=""http://twitter.com/download/iphone"" rel=""nofollow"">Twitter for iPhone</a>","Hope_Zahra",1,TRUE,FALSE,NA,NA
"RT @kurdistannews24: Breaking news: #YPG Kurdish forces killed #ISIS Top commander  Ebu Waleed Al Tunsi just few min ago in #kobane http://…",FALSE,0,NA,2014-10-11 16:12:35,FALSE,NA,"520970226293567488",NA,"<a href=""http://twitter.com/download/android"" rel=""nofollow"">Twitter for Android</a>","funky_tweeter",420,TRUE,FALSE,NA,NA
"RT @marklindesr: How successful would #ISIS recruiters be in an area like #Ferguson? Asking for @TheRevAl and @RevJJackson",FALSE,0,NA,2014-10-11 16:12:33,FALSE,NA,"520970215845150721",NA,"<a href=""http://www.echofon.com/"" rel=""nofollow"">Echofon</a>","Mamadoxie",1,TRUE,FALSE,NA,NA
"RT @turdeau: Like all great French leaders before me, my only military plan is to surrender. #cdnpoli #ISIS",FALSE,0,NA,2014-10-11 16:12:30,FALSE,NA,"520970204730654720",NA,"<a href=""http://twitter.com"" rel=""nofollow"">Twitter Web Client</a>","checkerboard92",26,TRUE,FALSE,NA,NA
"RT @rConflictNews: #Iraqi journalist killed by #ISIS today was Raad al-Azzawi, let show him the same respect we give to western journos htt…",FALSE,0,NA,2014-10-11 16:12:30,FALSE,NA,"520970203552026625",NA,"<a href=""http://twitter.com/download/iphone"" rel=""nofollow"">Twitter for iPhone</a>","theunisbates",3287,TRUE,FALSE,NA,NA
"RT @KURDISTAN_ARMY: ✌️Three members of a Dutch motorcycle gang join #Kurds in #Kobane to fight #ISIS
_
#TwitterKurds
#SaveKobani
#Kobani ht…",FALSE,0,NA,2014-10-11 16:12:27,FALSE,NA,"520970191337836544",NA,"<a href=""http://www.echofon.com/"" rel=""nofollow"">Echofon</a>","snding",90,TRUE,FALSE,NA,NA
"Kurds struggle to defend besieged #Syrian town from #ISIS: Kurdish militiamen are putting up a fierce fight to... http://t.co/vo7eFgymDb",FALSE,0,NA,2014-10-11 16:12:25,FALSE,NA,"520970181535739905",NA,"<a href=""http://twitterfeed.com"" rel=""nofollow"">twitterfeed</a>","News_LNK",0,FALSE,FALSE,NA,NA
"RT @Beebagr_Baluch: Large crowds outside #Parliament in #London as #Kurds protest against #ISIS &amp;rally in support of #Kobane http://t.co/pS…",FALSE,0,NA,2014-10-11 16:12:24,FALSE,NA,"520970177618661376",NA,"<a href=""http://twitter.com/#!/download/ipad"" rel=""nofollow"">Twitter for iPad</a>","hlk01",10,TRUE,FALSE,NA,NA
"RT @yossi_melman: Shame on you humanity&amp;civilization. Everyone watches as #ISIS barbarians at the gates of #Kobani and does nothing like in…",FALSE,0,NA,2014-10-11 16:12:22,FALSE,NA,"520970168902893570",NA,"<a href=""http://twitter.com/download/iphone"" rel=""nofollow"">Twitter for iPhone</a>","jeannesmith1",34,TRUE,FALSE,NA,NA
"RT @FSATruth: Syria doesn’t matter to the United States: https://t.co/rb7IYPwy0F @michaeldweiss #Syria #ISIS #Kobani #IS",FALSE,0,NA,2014-10-11 16:12:22,FALSE,NA,"520970168483479552",NA,"<a href=""http://twitter.com/download/iphone"" rel=""nofollow"">Twitter for iPhone</a>","michaeldweiss",3,TRUE,FALSE,NA,NA
"RT @turdeau: Real leadership is making a decision for political gain instead of the obvious one good vs evil. #isis #cdnpoli",FALSE,0,NA,2014-10-11 16:12:21,FALSE,NA,"520970166130462720",NA,"<a href=""http://twitter.com"" rel=""nofollow"">Twitter Web Client</a>","checkerboard92",18,TRUE,FALSE,NA,NA
"RT @RT_com: Pregnant Austrian teen who joined #ISIS now 'wants to return home', says she 'made a mistake' http://t.co/E1MOqXClee http://t.c…",FALSE,0,NA,2014-10-11 16:12:19,FALSE,NA,"520970156303187969",NA,"<a href=""http://twitter.com"" rel=""nofollow"">Twitter Web Client</a>","SaenzVarona",572,TRUE,FALSE,NA,NA
"RT @kurdistannews24: Breaking news: #YPG Kurdish forces killed #ISIS Top commander  Ebu Waleed Al Tunsi just few min ago in #kobane http://…",FALSE,0,NA,2014-10-11 16:12:18,FALSE,NA,"520970154289954816",NA,"<a href=""http://twitter.com"" rel=""nofollow"">Twitter Web Client</a>","GrizlyLuc",420,TRUE,FALSE,NA,NA
"Our thanks to @NortheastShory  for calling in and discussing Canada's response to #isis last night",FALSE,0,NA,2014-10-11 16:12:16,FALSE,NA,"520970145213075456",NA,"<a href=""http://twitter.com/download/android"" rel=""nofollow"">Twitter for Android</a>","LegalViewpoint",0,FALSE,FALSE,NA,NA
"RT @Shiyoki87: innocent #child - victim of the tyranny #ISIS May god protect you all #TwitterKurds fuckings turks #isis http://t.co/mFiLRTJ…",FALSE,0,NA,2014-10-11 16:12:15,FALSE,NA,"520970143040798720",NA,"<a href=""http://twitter.com/download/iphone"" rel=""nofollow"">Twitter for iPhone</a>","TattooQ",4,TRUE,FALSE,NA,NA
"Fantastic event today tackling #ISIS propaganda. .Great turnout ..Here's the group signing declaration refuting ISIS http://t.co/9DLP5oaCiY",FALSE,0,NA,2014-10-11 16:12:15,FALSE,NA,"520970142822723584",NA,"<a href=""http://twitter.com/download/android"" rel=""nofollow"">Twitter for Android</a>","Muhamid_Pathan",0,FALSE,FALSE,NA,NA
"RT @WNEW: Twitter CEO: #ISIS militants have threatened him, employees in response to shutting down group’s accounts. http://t.co/HOQvCFBbCd",FALSE,0,NA,2014-10-11 16:12:15,FALSE,NA,"520970139173654528",NA,"<a href=""http://twitter.com"" rel=""nofollow"">Twitter Web Client</a>","ChuckyT3",2,TRUE,FALSE,NA,NA
"RT @Groovy_Bob: MT @ForgeRat #ISIS tank destroyed by the heroic #YPG in #Kobane https://t.co/YU5HpFSXcm … See how they cower behind tank(s)…",FALSE,0,NA,2014-10-11 16:12:14,FALSE,NA,"520970137160400896",NA,"<a href=""http://twitter.com"" rel=""nofollow"">Twitter Web Client</a>","ForgeRat",1,TRUE,FALSE,NA,NA
"RT @Firas_Atraqchi: US State Dept. says #Anbar calling for US troops to take on #ISIL #ISIS there... #Iraq in disarray",FALSE,0,NA,2014-10-11 16:12:13,FALSE,NA,"520970134643814400",NA,"<a href=""http://twitter.com/#!/download/ipad"" rel=""nofollow"">Twitter for iPad</a>","betsy_hiel",3,TRUE,FALSE,NA,NA
"#Kurds with their small arms in #Kobane show #ISIS can be stopped, if only big powers step in would be easy.",FALSE,1,NA,2014-10-11 16:12:11,FALSE,NA,"520970123310821376",NA,"<a href=""http://twitter.com"" rel=""nofollow"">Twitter Web Client</a>","RikDelhaas",1,FALSE,FALSE,NA,NA
"RT @CustosDivini: 'Sisters in arms': #Kurdish women fighters ready 'to send #ISIS to hell' http://t.co/CLIaQUfv0k http://t.co/m39eaYNUyo",FALSE,0,NA,2014-10-11 16:12:10,FALSE,NA,"520970121553010688",NA,"<a href=""http://twitter.com"" rel=""nofollow"">Twitter Web Client</a>","gmc1484",32,TRUE,FALSE,NA,NA
"RT @kurdistannews24: Breaking news: #YPG Kurdish forces killed #ISIS Top commander  Ebu Waleed Al Tunsi just few min ago in #kobane http://…",FALSE,0,NA,2014-10-11 16:12:09,FALSE,NA,"520970117199720448",NA,"<a href=""http://twitter.com/#!/download/ipad"" rel=""nofollow"">Twitter for iPad</a>","saveusrepublic2",420,TRUE,FALSE,NA,NA
"How successful would #ISIS recruiters be in an area like #Ferguson? Asking for @TheRevAl and @RevJJackson",FALSE,0,NA,2014-10-11 16:12:09,FALSE,NA,"520970115303477248",NA,"<a href=""http://twitter.com"" rel=""nofollow"">Twitter Web Client</a>","marklindesr",1,FALSE,FALSE,NA,NA
"RT @MarkDonka: RT @TodGerst: @Victoriaokane The biggest threat to the Taliban / #ISIS is a girl with a book.
http://t.co/9U8qlj7l8O",FALSE,0,NA,2014-10-11 16:12:09,FALSE,NA,"520970115266125825",NA,"<a href=""http://twitter.com"" rel=""nofollow"">Twitter Web Client</a>","RichardReese3",2,TRUE,FALSE,NA,NA
"RT @ferhansterk: This was again proved:Kurds will never give up:we are kobane,kobane is us #ISIS #Kobane #KobaneDireniyor http://t.co/Tc03x…",FALSE,0,NA,2014-10-11 16:12:07,FALSE,NA,"520970107355664384",NA,"<a href=""http://twitter.com"" rel=""nofollow"">Twitter Web Client</a>","groggydice",1,TRUE,FALSE,NA,NA
"RT @WilliamsJon: Blair's Chief of Staff says talk to #ISIS! ""We very rarely defeat terrorists &amp; nearly always end up talking to them."" http…",FALSE,0,NA,2014-10-11 16:12:06,FALSE,NA,"520970104519933952",NA,"<a href=""http://twitter.com/download/android"" rel=""nofollow"">Twitter for Android</a>","palm19730",22,TRUE,FALSE,NA,NA
"RT @Beebagr_Baluch: Large crowds outside #Parliament in #London as #Kurds protest against #ISIS &amp;rally in support of #Kobane http://t.co/pS…",FALSE,0,NA,2014-10-11 16:12:05,FALSE,NA,"520970100057604096",NA,"<a href=""http://twitter.com"" rel=""nofollow"">Twitter Web Client</a>","CEMB_forum",10,TRUE,FALSE,NA,NA
"RT @curdistani: Pictures from Worldwide Anti #ISIS protests held by Kurds and friends today  http://t.co/Y1yA7qGMb6 #Twitterkurds @Shiyoki8…",FALSE,0,NA,2014-10-11 16:12:02,FALSE,NA,"520970087415939072",NA,"<a href=""http://twitter.com/download/android"" rel=""nofollow"">Twitter for Android</a>","hakankurtcebe",42,TRUE,FALSE,NA,NA
"ISIS : A CIA Creation to Justify War Abroad and Repression at Home #isis #america http://t.co/bmKTjpQJVw",FALSE,0,NA,2014-10-11 16:12:01,FALSE,NA,"520970082596708352",NA,"<a href=""http://www.247.lc"" rel=""nofollow"">247NOW</a>","247now",0,FALSE,FALSE,NA,NA
"RT @jordy_my: En #Kobani, mujeres kurdas intentan detener el avance de #ISIS http://t.co/wSoewuGuIf",FALSE,0,NA,2014-10-11 16:12:00,FALSE,NA,"520970077462863872",NA,"<a href=""https://mobile.twitter.com"" rel=""nofollow"">Mobile Web (M5)</a>","javierflip",3,TRUE,FALSE,NA,NA
"This morning #CNN claims ""ISIS advancing on two FONTS"". It's happening folks. Save your serifs. #isis… http://t.co/YmIQ4TXKB8",FALSE,0,NA,2014-10-11 16:11:59,FALSE,NA,"520970073255604225",NA,"<a href=""http://instagram.com"" rel=""nofollow"">Instagram</a>","temiojo",0,FALSE,FALSE,NA,NA
"RT @RamiAlLolah: For those wondering where #Iraq gold gone in 2003.. Not to mention Oil also.. #ISIS #USA http://t.co/ChCnidH8Ud",FALSE,0,NA,2014-10-11 16:11:58,FALSE,NA,"520970070923952128",NA,"<a href=""http://twitter.com/download/iphone"" rel=""nofollow"">Twitter for iPhone</a>","MusadiqZ",142,TRUE,FALSE,NA,NA
"RT @peter681950: Piet Hein Donner: Vraag moslim niet afstand te nemen van ISIS http://t.co/6xDu0q7d8v #ISIS via @telegraaf

 das die man di…",FALSE,0,NA,2014-10-11 16:11:56,FALSE,NA,"520970062778605568",NA,"<a href=""http://twitter.com/#!/download/ipad"" rel=""nofollow"">Twitter for iPad</a>","ingrid_kok",2,TRUE,FALSE,NA,NA
"RT @Sara__Firth: Large crowds outside #Parliament in #London as #Kurds protest against #ISIS &amp; rally in support of #Kobane http://t.co/Ioaz…",FALSE,0,NA,2014-10-11 16:11:55,FALSE,NA,"520970058101964800",NA,"<a href=""http://twitter.com/download/android"" rel=""nofollow"">Twitter for Android</a>","Stargazer_Boy",104,TRUE,FALSE,NA,NA
"RT @curdistani: Pictures from Worldwide Anti #ISIS protests held by Kurds and friends today  http://t.co/Y1yA7qGMb6 #Twitterkurds @Shiyoki8…",FALSE,0,NA,2014-10-11 16:11:54,FALSE,NA,"520970054566154240",NA,"<a href=""http://twitter.com/download/android"" rel=""nofollow"">Twitter for Android</a>","hekimklc",42,TRUE,FALSE,NA,NA
"#ISIS hace el trabajo sucio de las democracias liberales asesinando el movimiento popular del #Kurdistan, la libertad resiste en #Kobane",FALSE,0,NA,2014-10-11 16:11:54,FALSE,NA,"520970053165260800",NA,"<a href=""http://twitter.com"" rel=""nofollow"">Twitter Web Client</a>","Protocanibal",1,FALSE,FALSE,NA,NA
"RT @iGaza_free: #isis doesn't belong to the real Islam, obama kills one terrorism  to create another one hundred! http://t.co/e5xAYxFuIz",FALSE,0,NA,2014-10-11 16:11:54,FALSE,NA,"520970052627996672",NA,"<a href=""http://twitter.com/download/iphone"" rel=""nofollow"">Twitter for iPhone</a>","wenar_alasd2014",6,TRUE,FALSE,NA,NA
"RT @AriBashur: #Turkey provides direct support to #ISIS says Egyptian security official. Events on ground and Biden seem to agree.
http://t…",FALSE,0,NA,2014-10-11 16:11:53,FALSE,NA,"520970048887091201",NA,"<a href=""http://twitter.com/download/iphone"" rel=""nofollow"">Twitter for iPhone</a>","umittini21",8,TRUE,FALSE,NA,NA
"RT @SlemaniTimes: Turkish police attack civilian protestors in #Istanbul. 48 Kurds killed, 800+ arrested. Anti #ISIS protests continue. htt…",FALSE,0,NA,2014-10-11 16:11:53,FALSE,NA,"520970047180013568",NA,"<a href=""http://twitter.com/download/android"" rel=""nofollow"">Twitter for Android</a>","MNLS2",178,TRUE,FALSE,NA,NA
"RT @Gorran_Change: Martyred Iraqi journo Raad al Azaawi beheaded by #ISIS for refusing to peddle their lies #RIP #twitterkurds #Iraq http:/…",FALSE,0,NA,2014-10-11 16:11:52,FALSE,NA,"520970045514870785",NA,"<a href=""http://twitter.com/download/iphone"" rel=""nofollow"">Twitter for iPhone</a>","antiiique",3,TRUE,FALSE,NA,NA
"RT @Gregiorius: Dankzij Amerika, die z'n wapens overal op de wereld rondstrooit, is #ISIS heer en meester!  #Kobane",FALSE,0,NA,2014-10-11 16:11:51,FALSE,NA,"520970040540405760",NA,"<a href=""http://twitter.com"" rel=""nofollow"">Twitter Web Client</a>","LoveForHolland",2,TRUE,FALSE,NA,NA
"RT @harryfear: 'No to #ISIS', 'save #Kobane': pro-#Kurdish rally in Westminster, #London. #IS #UK #Turkey http://t.co/1hejCQg09O",FALSE,0,NA,2014-10-11 16:11:48,FALSE,NA,"520970028020400128",NA,"<a href=""http://twitter.com/download/iphone"" rel=""nofollow"">Twitter for iPhone</a>","umittini21",211,TRUE,FALSE,NA,NA
"Love the little blurb about Iran &amp; nuke deal at the end... Germany Trying to get Turkey, Iran to Fight #ISIS http://t.co/n3Jzt4R3xW @nytimes",FALSE,0,NA,2014-10-11 16:11:48,FALSE,NA,"520970025960620032",NA,"<a href=""https://dev.twitter.com/docs/tfw"" rel=""nofollow"">Twitter for Websites</a>","maryumalam",0,FALSE,FALSE,NA,NA
"RT @TheJenabi: RIP Iraqi journalist Raad Al-Azzawi who was executed by #ISIS in Tikrit. He's not a western journalist so his name won't rea…",FALSE,0,NA,2014-10-11 16:11:47,FALSE,NA,"520970023439847424",NA,"<a href=""http://twitter.com/download/iphone"" rel=""nofollow"">Twitter for iPhone</a>","ezharsenal",666,TRUE,FALSE,NA,NA
"RT @rConflictNews: #Iraqi journalist killed by #ISIS today was Raad al-Azzawi, let show him the same respect we give to western journos htt…",FALSE,0,NA,2014-10-11 16:11:45,FALSE,NA,"520970017354309632",NA,"<a href=""http://twitter.com/download/android"" rel=""nofollow"">Twitter for Android</a>","williw01",3287,TRUE,FALSE,NA,NA
"RT @kassamally: Razz Al-Azzawi #Iraq Cameraman slaughtered by #ISIS 

No one cares because he's not a Western Journo. 

http://t.co/t3yRey8…",FALSE,0,NA,2014-10-11 16:11:44,FALSE,NA,"520970011964624896",NA,"<a href=""http://twitter.com/download/iphone"" rel=""nofollow"">Twitter for iPhone</a>","lal_shah",23,TRUE,FALSE,NA,NA
"RT @Xunavmerdin: English police attacks kurdish people who protest Isis terrorist #Kobane #Kurds #ISIS @jenanmoussa @mutludc @Hevallo http:…",FALSE,0,NA,2014-10-11 16:11:44,FALSE,NA,"520970009389326337",NA,"<a href=""http://twitter.com/download/android"" rel=""nofollow"">Twitter for Android</a>","ErfanCantepe",14,TRUE,FALSE,NA,NA
"RT @_laura_tweets: #Trafalgarsq right now #ISIS #Kurds #Kobane http://t.co/ZpkKg6ZM0X",FALSE,0,NA,2014-10-11 16:11:42,FALSE,NA,"520970003861233665",NA,"<a href=""http://twitter.com/download/iphone"" rel=""nofollow"">Twitter for iPhone</a>","ali_k20012",2,TRUE,FALSE,NA,NA
"#ISIS release new footage of #fighting in Kobane as Kurds #battle against jihadists - Oct 11 @ 12:11 PM ET http://t.co/CsWlkGAiba",FALSE,0,NA,2014-10-11 16:11:42,FALSE,NA,"520970003823484928",NA,"<a href=""http://pulpnews.com/twitter/index.php"" rel=""nofollow"">Crime News Updates</a>","PulpNews",0,FALSE,FALSE,NA,NA
"@BintWater
-
!KILL #ISIS! @ibn_shaam @ibn0mar
#Kobani
#ISIL #KillIS #KillIslamicState
#IslamicState
-
http://t.co/f36SdtVlKT",FALSE,0,"BintWater",2014-10-11 16:11:41,FALSE,NA,"520969999746211840","2801362930","<a href=""https://dev.twitter.com/docs/tfw"" rel=""nofollow"">Twitter for Websites</a>","letsgobigboy",0,FALSE,FALSE,NA,NA
"RT @MurtazaGeoNews: #ISIS Austrian terror brides are now pregnant, says they made a big mistaken want to come home http://t.co/IKDe1ZgI7Q h…",FALSE,0,NA,2014-10-11 16:11:40,FALSE,NA,"520969996365987842",NA,"<a href=""http://twitter.com/download/iphone"" rel=""nofollow"">Twitter for iPhone</a>","MuneerTanyea",288,TRUE,FALSE,NA,NA
"RT @egypt_speaks: No to #ISIS', 'save #Kobane': pro-#Kurdish rally in Westminster, #London. #IS #UK #Turkey 

#egypt_speaks http://t.co/rDP…",FALSE,0,NA,2014-10-11 16:11:39,FALSE,NA,"520969991412527104",NA,"<a href=""http://twitter.com/download/iphone"" rel=""nofollow"">Twitter for iPhone</a>","elrebey",17,TRUE,FALSE,NA,NA
"Wanted: New or used korans for toilet paper venture soon to be rolled out. Made in USA. #ISIS #terror",FALSE,0,NA,2014-10-11 16:11:38,FALSE,NA,"520969987797053440",NA,"<a href=""http://twitter.com/download/android"" rel=""nofollow"">Twitter for Android</a>","DaffyDano",0,FALSE,FALSE,NA,NA
"RT @Gorran_Change: Martyred Iraqi journo Raad al Azaawi beheaded by #ISIS for refusing to peddle their lies #RIP #twitterkurds #Iraq http:/…",FALSE,0,NA,2014-10-11 16:11:35,FALSE,NA,"520969974765322240",NA,"<a href=""https://about.twitter.com/products/tweetdeck"" rel=""nofollow"">TweetDeck</a>","TurkKick",3,TRUE,FALSE,NA,NA
"RT @ShinaBR: #Kobane History will remember the battle for your homeland against #ISIS , the heroism and courage shown against all odds #Twi…",FALSE,0,NA,2014-10-11 16:11:33,FALSE,NA,"520969966578061312",NA,"<a href=""http://twitter.com/download/iphone"" rel=""nofollow"">Twitter for iPhone</a>","ali_k20012",7,TRUE,FALSE,NA,NA
"RT @MarkDonka: RT @TodGerst: @Victoriaokane The biggest threat to the Taliban / #ISIS is a girl with a book.
http://t.co/9U8qlj7l8O",FALSE,0,NA,2014-10-11 16:11:33,FALSE,NA,"520969966548299776",NA,"<a href=""http://twitter.com/download/iphone"" rel=""nofollow"">Twitter for iPhone</a>","Victoriaokane",2,TRUE,FALSE,NA,NA
"RT @kurdistannews24: Breaking news: #YPG Kurdish forces killed #ISIS Top commander  Ebu Waleed Al Tunsi just few min ago in #kobane http://…",FALSE,0,NA,2014-10-11 16:11:33,FALSE,NA,"520969963302293504",NA,"<a href=""http://twitter.com/download/android"" rel=""nofollow"">Twitter for Android</a>","Cathy1112CT",420,TRUE,FALSE,NA,NA
"MT @ForgeRat #ISIS tank destroyed by the heroic #YPG in #Kobane https://t.co/YU5HpFSXcm … See how they cower behind tank(s), turn+run",FALSE,1,NA,2014-10-11 16:11:32,FALSE,NA,"520969960957681664",NA,"<a href=""http://twitter.com"" rel=""nofollow"">Twitter Web Client</a>","Groovy_Bob",1,FALSE,FALSE,NA,NA
"@TokCurrie Why #isis still consider themselves religious? http://t.co/9x6mvdan5l",FALSE,0,"TokCurrie",2014-10-11 16:11:31,FALSE,NA,"520969958163877888","2821915958","<a href=""http://twitter.com"" rel=""nofollow"">Twitter Web Client</a>","IslamRevisited",0,FALSE,FALSE,NA,NA
"This was again proved:Kurds will never give up:we are kobane,kobane is us #ISIS #Kobane #KobaneDireniyor http://t.co/Tc03xdoiuO",FALSE,0,NA,2014-10-11 16:11:30,FALSE,NA,"520969950912339968",NA,"<a href=""http://twitter.com/download/iphone"" rel=""nofollow"">Twitter for iPhone</a>","ferhansterk",1,FALSE,FALSE,"-0.12324241","51.50152994"
"fk #is #isil #isis now i am really pissed! http://t.co/tnj7qS2Bqr operation democratic intelligence operation is back on mrthfkrs! #ODIN",FALSE,0,NA,2014-10-11 16:11:28,FALSE,NA,"520969944620871680",NA,"<a href=""http://twitter.com"" rel=""nofollow"">Twitter Web Client</a>","aiwicollective",0,FALSE,FALSE,NA,NA
"We want to liberate our land with our hands, the #FSA is ready as the US' partner to take the fight to #ISIS in #Syria, u cannot do it alone",FALSE,0,NA,2014-10-11 16:11:27,FALSE,NA,"520969938719485952",NA,"<a href=""http://twitter.com"" rel=""nofollow"">Twitter Web Client</a>","FSATruth",0,FALSE,FALSE,NA,NA
